Date,Period,Y8-ASW,Y8,Y9,Y8-RECCE,Y8-EW,Y8-ELINT,Y-9 EW,H6,H-6K,JH7,J7,J10,J11,J16,SU30,KJ-500	,Z9-ASW,Z8,Mi17-Cargo,WZ-10Attack,Y8-C3,source
2020-09-16,N/A,2,,,,,,,,,,,,,,,,,,,,,https://www.mnd.gov.tw/Publish.aspx?p=77345&title=%e5%9c%8b%e9%98%b2%e6%b6%88%e6%81%af&SelectStyle=%e5%8d%b3%e6%99%82%e8%bb%8d%e4%ba%8b%e5%8b%95%e6%85%8b
2020-09-18,上午,,,,,,,,2,,,,4,4,8,,,,,,,,https://www.mnd.gov.tw/Publish.aspx?p=77350&title=%e5%9c%8b%e9%98%b2%e6%b6%88%e6%81%af&SelectStyle=%e5%8d%b3%e6%99%82%e8%bb%8d%e4%ba%8b%e5%8b%95%e6%85%8b
2020-09-19,上午,1,,,,,,,2,,,,2,2,12,,,,,,,,https://www.mnd.gov.tw/Publish.aspx?p=77351&title=%e5%9c%8b%e9%98%b2%e6%b6%88%e6%81%af&SelectStyle=%e5%8d%b3%e6%99%82%e8%bb%8d%e4%ba%8b%e5%8b%95%e6%85%8b
2020-09-21,N/A,2,,,,,,,,,,,,,,,,,,,,,https://www.mnd.gov.tw/Publish.aspx?p=77356&title=%e5%9c%8b%e9%98%b2%e6%b6%88%e6%81%af&SelectStyle=%e5%8d%b3%e6%99%82%e8%bb%8d%e4%ba%8b%e5%8b%95%e6%85%8b
2020-09-22,N/A,2,,,,,,,,,,,,,,,,,,,,,https://www.mnd.gov.tw/Publish.aspx?p=77360&title=%e5%9c%8b%e9%98%b2%e6%b6%88%e6%81%af&SelectStyle=%e5%8d%b3%e6%99%82%e8%bb%8d%e4%ba%8b%e5%8b%95%e6%85%8b
2020-09-23,N/A,2,,,,,,,,,,,,,,,,,,,,,https://www.mnd.gov.tw/Publish.aspx?p=77362&title=%e5%9c%8b%e9%98%b2%e6%b6%88%e6%81%af&SelectStyle=%e5%8d%b3%e6%99%82%e8%bb%8d%e4%ba%8b%e5%8b%95%e6%85%8b
2020-09-24,N/A,1,,,,,,,,,,,,,,,,,,,,,https://www.mnd.gov.tw/Publish.aspx?p=77363&title=%e5%9c%8b%e9%98%b2%e6%b6%88%e6%81%af&SelectStyle=%e5%8d%b3%e6%99%82%e8%bb%8d%e4%ba%8b%e5%8b%95%e6%85%8b
2020-09-29,N/A,2,,,,,,,,,,,,,,,,,,,,,https://www.mnd.gov.tw/Publish.aspx?p=77393&title=%e5%9c%8b%e9%98%b2%e6%b6%88%e6%81%af&SelectStyle=%e5%8d%b3%e6%99%82%e8%bb%8d%e4%ba%8b%e5%8b%95%e6%85%8b
2020-10-01,N/A,1,,,,,,,,,,,,,,,,,,,,,https://www.mnd.gov.tw/Publish.aspx?p=77401&title=%e5%9c%8b%e9%98%b2%e6%b6%88%e6%81%af&SelectStyle=%e5%8d%b3%e6%99%82%e8%bb%8d%e4%ba%8b%e5%8b%95%e6%85%8b
2020-10-03,N/A,1,,,,,,,,,,,,,,,,,,,,,https://www.mnd.gov.tw/Publish.aspx?p=77428&title=%e5%9c%8b%e9%98%b2%e6%b6%88%e6%81%af&SelectStyle=%e5%8d%b3%e6%99%82%e8%bb%8d%e4%ba%8b%e5%8b%95%e6%85%8b
2020-10-04,N/A,1,,,,,,,,,,,,,,,,,,,,,https://www.mnd.gov.tw/Publish.aspx?p=77436&title=%e5%9c%8b%e9%98%b2%e6%b6%88%e6%81%af&SelectStyle=%e5%8d%b3%e6%99%82%e8%bb%8d%e4%ba%8b%e5%8b%95%e6%85%8b
2020-10-06,N/A,1,,,,,,,,,,,,,,,,,,,,,https://www.mnd.gov.tw/Publish.aspx?p=77441&title=%e5%9c%8b%e9%98%b2%e6%b6%88%e6%81%af&SelectStyle=%e5%8d%b3%e6%99%82%e8%bb%8d%e4%ba%8b%e5%8b%95%e6%85%8b
2020-10-07,N/A,,,,,,,,,,,,,,,,1,,,,,,https://www.mnd.gov.tw/Publish.aspx?p=77443&title=%e5%9c%8b%e9%98%b2%e6%b6%88%e6%81%af&SelectStyle=%e5%8d%b3%e6%99%82%e8%bb%8d%e4%ba%8b%e5%8b%95%e6%85%8b
2020-10-08,N/A,1,,,,,,,,,,,,,,,,,,,,,https://www.mnd.gov.tw/Publish.aspx?p=77445&title=%e5%9c%8b%e9%98%b2%e6%b6%88%e6%81%af&SelectStyle=%e5%8d%b3%e6%99%82%e8%bb%8d%e4%ba%8b%e5%8b%95%e6%85%8b
2020-10-09,N/A,,1,1,,,,,,,,,,,,,,,,,,,https://www.mnd.gov.tw/Publish.aspx?p=77447&title=%e5%9c%8b%e9%98%b2%e6%b6%88%e6%81%af&SelectStyle=%e5%8d%b3%e6%99%82%e8%bb%8d%e4%ba%8b%e5%8b%95%e6%85%8b
2020-10-10,N/A,1,,,,,,,,,,,,,,,,,,,,,https://www.mnd.gov.tw/Publish.aspx?p=77448&title=%e5%9c%8b%e9%98%b2%e6%b6%88%e6%81%af&SelectStyle=%e5%8d%b3%e6%99%82%e8%bb%8d%e4%ba%8b%e5%8b%95%e6%85%8b
2020-10-11,N/A,1,,,,,,,,,,,,,,,,,,,,,https://www.mnd.gov.tw/Publish.aspx?p=77450&title=%e5%9c%8b%e9%98%b2%e6%b6%88%e6%81%af&SelectStyle=%e5%8d%b3%e6%99%82%e8%bb%8d%e4%ba%8b%e5%8b%95%e6%85%8b
2020-10-15,晚間,1,,,,,,,,,,,,,,,,,,,,,https://www.mnd.gov.tw/Publish.aspx?p=77458&title=%e5%9c%8b%e9%98%b2%e6%b6%88%e6%81%af&SelectStyle=%e5%8d%b3%e6%99%82%e8%bb%8d%e4%ba%8b%e5%8b%95%e6%85%8b
2020-10-16,上午,1,,,,,,,,,,,,,,,,,,,,,https://www.mnd.gov.tw/Publish.aspx?p=77460&title=%e5%9c%8b%e9%98%b2%e6%b6%88%e6%81%af&SelectStyle=%e5%8d%b3%e6%99%82%e8%bb%8d%e4%ba%8b%e5%8b%95%e6%85%8b
2020-10-17,下午,1,,,,,,,,,,,,,,,,,,,,,https://www.mnd.gov.tw/Publish.aspx?p=77462&title=%e5%9c%8b%e9%98%b2%e6%b6%88%e6%81%af&SelectStyle=%e5%8d%b3%e6%99%82%e8%bb%8d%e4%ba%8b%e5%8b%95%e6%85%8b
2020-10-20,N/A,1,,,,,,1,,,,,,,,,1,,,,,,https://www.mnd.gov.tw/Publish.aspx?p=77471&title=%e5%9c%8b%e9%98%b2%e6%b6%88%e6%81%af&SelectStyle=%e5%8d%b3%e6%99%82%e8%bb%8d%e4%ba%8b%e5%8b%95%e6%85%8b
2020-10-21,下午,1,,,,,,,,,,,,,,,,,,,,,https://www.mnd.gov.tw/Publish.aspx?p=77474&title=%e5%9c%8b%e9%98%b2%e6%b6%88%e6%81%af&SelectStyle=%e5%8d%b3%e6%99%82%e8%bb%8d%e4%ba%8b%e5%8b%95%e6%85%8b
2020-10-25,下午,1,,,,,,,,,,,,,,,,,,,,,https://www.mnd.gov.tw/Publish.aspx?p=77477&title=%e5%9c%8b%e9%98%b2%e6%b6%88%e6%81%af&SelectStyle=%e5%8d%b3%e6%99%82%e8%bb%8d%e4%ba%8b%e5%8b%95%e6%85%8b
2020-10-26,N/A,1,,,1,,,,,,,,,,,,,,,,,,https://www.mnd.gov.tw/Publish.aspx?p=77481&title=%e5%9c%8b%e9%98%b2%e6%b6%88%e6%81%af&SelectStyle=%e5%8d%b3%e6%99%82%e8%bb%8d%e4%ba%8b%e5%8b%95%e6%85%8b
2020-10-27,上午,,,,,1,,,,,,,,,,,,,,,,,https://www.mnd.gov.tw/Publish.aspx?p=77484&title=%e5%9c%8b%e9%98%b2%e6%b6%88%e6%81%af&SelectStyle=%e5%8d%b3%e6%99%82%e8%bb%8d%e4%ba%8b%e5%8b%95%e6%85%8b
2020-10-28,上午,,,,,,,1,,,,,,,,,,,,,,,https://www.mnd.gov.tw/Publish.aspx?p=77489&title=%e5%9c%8b%e9%98%b2%e6%b6%88%e6%81%af&SelectStyle=%e5%8d%b3%e6%99%82%e8%bb%8d%e4%ba%8b%e5%8b%95%e6%85%8b
2020-10-28,晚間,,,,,1,,,,,,,,,,,,,,,,,https://www.mnd.gov.tw/Publish.aspx?p=77491&title=%e5%9c%8b%e9%98%b2%e6%b6%88%e6%81%af&SelectStyle=%e5%8d%b3%e6%99%82%e8%bb%8d%e4%ba%8b%e5%8b%95%e6%85%8b
2020-10-29,上午,,,,,,,1,,,,,,,,,,,,,,,https://www.mnd.gov.tw/Publish.aspx?p=77492&title=%e5%9c%8b%e9%98%b2%e6%b6%88%e6%81%af&SelectStyle=%e5%8d%b3%e6%99%82%e8%bb%8d%e4%ba%8b%e5%8b%95%e6%85%8b
2020-10-30,N/A,,,,1,1,1,,,,,,,,,,,,,,,,https://www.mnd.gov.tw/Publish.aspx?p=77497&title=%e5%9c%8b%e9%98%b2%e6%b6%88%e6%81%af&SelectStyle=%e5%8d%b3%e6%99%82%e8%bb%8d%e4%ba%8b%e5%8b%95%e6%85%8b
2020-10-31,上午,1,,,,,,,,,,,,,,,,,,,,,https://www.mnd.gov.tw/Publish.aspx?p=77498&title=%e5%9c%8b%e9%98%b2%e6%b6%88%e6%81%af&SelectStyle=%e5%8d%b3%e6%99%82%e8%bb%8d%e4%ba%8b%e5%8b%95%e6%85%8b
2020-11-01,上午,,,,1,,,,,,,,,,,,,,,,,,https://www.mnd.gov.tw/Publish.aspx?p=77501&title=%e5%9c%8b%e9%98%b2%e6%b6%88%e6%81%af&SelectStyle=%e5%8d%b3%e6%99%82%e8%bb%8d%e4%ba%8b%e5%8b%95%e6%85%8b
2020-11-02,N/A,1,,,1,,,,,,,,2,,2,2,,,,,,,https://www.mnd.gov.tw/Publish.aspx?p=77506&title=%e5%9c%8b%e9%98%b2%e6%b6%88%e6%81%af&SelectStyle=%e5%8d%b3%e6%99%82%e8%bb%8d%e4%ba%8b%e5%8b%95%e6%85%8b
2020-11-03,上午,1,,,,,,,,,,,,,,,,,,,,,https://www.mnd.gov.tw/Publish.aspx?p=77515&title=%e5%9c%8b%e9%98%b2%e6%b6%88%e6%81%af&SelectStyle=%e5%8d%b3%e6%99%82%e8%bb%8d%e4%ba%8b%e5%8b%95%e6%85%8b
2020-11-04,上午,,,,,,,1,,,,,,,,,,,,,,,https://www.mnd.gov.tw/Publish.aspx?p=77518&title=%e5%9c%8b%e9%98%b2%e6%b6%88%e6%81%af&SelectStyle=%e5%8d%b3%e6%99%82%e8%bb%8d%e4%ba%8b%e5%8b%95%e6%85%8b
2020-11-05,下午,1,,,,1,,1,,,,,,,,,,,,,,,https://www.mnd.gov.tw/Publish.aspx?p=77522&title=%e5%9c%8b%e9%98%b2%e6%b6%88%e6%81%af&SelectStyle=%e5%8d%b3%e6%99%82%e8%bb%8d%e4%ba%8b%e5%8b%95%e6%85%8b
2020-11-06,上午,,,,,1,,,,,,,,,,,,,,,,,https://www.mnd.gov.tw/Publish.aspx?p=77524&title=%e5%9c%8b%e9%98%b2%e6%b6%88%e6%81%af&SelectStyle=%e5%8d%b3%e6%99%82%e8%bb%8d%e4%ba%8b%e5%8b%95%e6%85%8b#
2020-11-10,上午,1,,,,,,,,,,,,,,,,,,,,,https://www.mnd.gov.tw/Publish.aspx?p=77531&title=%e5%9c%8b%e9%98%b2%e6%b6%88%e6%81%af&SelectStyle=%e5%8d%b3%e6%99%82%e8%bb%8d%e4%ba%8b%e5%8b%95%e6%85%8b
2020-11-11,下午,1,,,1,,,,,,,,,,,,,,,,,,https://www.mnd.gov.tw/Publish.aspx?p=77539&title=%e5%9c%8b%e9%98%b2%e6%b6%88%e6%81%af&SelectStyle=%e5%8d%b3%e6%99%82%e8%bb%8d%e4%ba%8b%e5%8b%95%e6%85%8b
2020-11-12,上午,1,,,,,,,,,,,,,,,,,,,,,https://www.mnd.gov.tw/Publish.aspx?p=77545&title=%e5%9c%8b%e9%98%b2%e6%b6%88%e6%81%af&SelectStyle=%e5%8d%b3%e6%99%82%e8%bb%8d%e4%ba%8b%e5%8b%95%e6%85%8b
2020-11-14,上午,,,,,1,,,,,,,,,,,,,,,,,https://www.mnd.gov.tw/Publish.aspx?p=77550&title=%e5%9c%8b%e9%98%b2%e6%b6%88%e6%81%af&SelectStyle=%e5%8d%b3%e6%99%82%e8%bb%8d%e4%ba%8b%e5%8b%95%e6%85%8b
2020-11-15,N/A,1,,,1,,,,,,,,,,,,,,,,,,https://www.mnd.gov.tw/Publish.aspx?p=77551&title=%e5%9c%8b%e9%98%b2%e6%b6%88%e6%81%af&SelectStyle=%e5%8d%b3%e6%99%82%e8%bb%8d%e4%ba%8b%e5%8b%95%e6%85%8b
2020-11-16,N/A,1,,,,1,,,,,,,,,,,,,,,,,https://www.mnd.gov.tw/Publish.aspx?p=77588&title=%e5%9c%8b%e9%98%b2%e6%b6%88%e6%81%af&SelectStyle=%e5%8d%b3%e6%99%82%e8%bb%8d%e4%ba%8b%e5%8b%95%e6%85%8b
2020-11-17,上午,1,,,,1,,,,,,,,,,,,,,,,,https://www.mnd.gov.tw/Publish.aspx?p=77592&title=%e5%9c%8b%e9%98%b2%e6%b6%88%e6%81%af&SelectStyle=%e5%8d%b3%e6%99%82%e8%bb%8d%e4%ba%8b%e5%8b%95%e6%85%8b
2020-11-18,N/A,1,,,,1,,1,,,,,,,,,,,,,,,https://www.mnd.gov.tw/Publish.aspx?p=77599&title=%e5%9c%8b%e9%98%b2%e6%b6%88%e6%81%af&SelectStyle=%e5%8d%b3%e6%99%82%e8%bb%8d%e4%ba%8b%e5%8b%95%e6%85%8b
2020-11-21,N/A,1,,,1,,,,,,,,,,,,,,,,,,https://www.mnd.gov.tw/Publish.aspx?p=77614&title=%e5%9c%8b%e9%98%b2%e6%b6%88%e6%81%af&SelectStyle=%e5%8d%b3%e6%99%82%e8%bb%8d%e4%ba%8b%e5%8b%95%e6%85%8b
2020-11-22,N/A,1,,,,,,,,,,,,,,,,,,,,,https://www.mnd.gov.tw/Publish.aspx?p=77617&title=%e5%9c%8b%e9%98%b2%e6%b6%88%e6%81%af&SelectStyle=%e5%8d%b3%e6%99%82%e8%bb%8d%e4%ba%8b%e5%8b%95%e6%85%8b
2020-11-23,N/A,1,,,,,,,,,,,,,,,,,,,,,https://www.mnd.gov.tw/Publish.aspx?p=77623&title=%e5%9c%8b%e9%98%b2%e6%b6%88%e6%81%af&SelectStyle=%e5%8d%b3%e6%99%82%e8%bb%8d%e4%ba%8b%e5%8b%95%e6%85%8b
2020-11-24,N/A,1,,,,1,,,,,,,,,,,,,,,,,https://www.mnd.gov.tw/Publish.aspx?p=77633&title=%e5%9c%8b%e9%98%b2%e6%b6%88%e6%81%af&SelectStyle=%e5%8d%b3%e6%99%82%e8%bb%8d%e4%ba%8b%e5%8b%95%e6%85%8b
2020-11-25,N/A,1,,,,,,,,,,,,,,,,,,,,,https://www.mnd.gov.tw/Publish.aspx?p=77639&title=%e5%9c%8b%e9%98%b2%e6%b6%88%e6%81%af&SelectStyle=%e5%8d%b3%e6%99%82%e8%bb%8d%e4%ba%8b%e5%8b%95%e6%85%8b
2020-11-28,N/A,1,,,1,,,,,,,,,,,,,,,,,,https://www.mnd.gov.tw/Publish.aspx?p=77647&title=%e5%9c%8b%e9%98%b2%e6%b6%88%e6%81%af&SelectStyle=%e5%8d%b3%e6%99%82%e8%bb%8d%e4%ba%8b%e5%8b%95%e6%85%8b
2020-11-29,晚間,1,,,,,,,,,,,,,,,,,,,,,https://www.mnd.gov.tw/Publish.aspx?p=77649&title=%e5%9c%8b%e9%98%b2%e6%b6%88%e6%81%af&SelectStyle=%e5%8d%b3%e6%99%82%e8%bb%8d%e4%ba%8b%e5%8b%95%e6%85%8b
2020-11-30,N/A,,,,1,1,,,,,,,,,,,,,,,,,https://www.mnd.gov.tw/Publish.aspx?p=77656&title=%e5%9c%8b%e9%98%b2%e6%b6%88%e6%81%af&SelectStyle=%e5%8d%b3%e6%99%82%e8%bb%8d%e4%ba%8b%e5%8b%95%e6%85%8b
2020-12-01,上午,1,,,,,,,,,,,,,,,,,,,,,https://www.mnd.gov.tw/Publish.aspx?p=77658&title=%e5%9c%8b%e9%98%b2%e6%b6%88%e6%81%af&SelectStyle=%e5%8d%b3%e6%99%82%e8%bb%8d%e4%ba%8b%e5%8b%95%e6%85%8b
2020-12-02,上午,1,,,,,,,,,,,,,,,,,,,,,https://www.mnd.gov.tw/Publish.aspx?p=77661&title=%e5%9c%8b%e9%98%b2%e6%b6%88%e6%81%af&SelectStyle=%e5%8d%b3%e6%99%82%e8%bb%8d%e4%ba%8b%e5%8b%95%e6%85%8b
2020-12-04,N/A,1,,,1,1,,,,,,,,,,,,,,,,,https://www.mnd.gov.tw/Publish.aspx?p=77679&title=%e5%9c%8b%e9%98%b2%e6%b6%88%e6%81%af&SelectStyle=%e5%8d%b3%e6%99%82%e8%bb%8d%e4%ba%8b%e5%8b%95%e6%85%8b
2020-12-05,N/A,1,,,1,,,,,,,,,,,,,,,,,,https://www.mnd.gov.tw/Publish.aspx?p=77680&title=%e5%9c%8b%e9%98%b2%e6%b6%88%e6%81%af&SelectStyle=%e5%8d%b3%e6%99%82%e8%bb%8d%e4%ba%8b%e5%8b%95%e6%85%8b
2020-12-06,下午,1,,,,,,,,,,,,,,,,,,,,,https://www.mnd.gov.tw/Publish.aspx?p=77681&title=%e5%9c%8b%e9%98%b2%e6%b6%88%e6%81%af&SelectStyle=%e5%8d%b3%e6%99%82%e8%bb%8d%e4%ba%8b%e5%8b%95%e6%85%8b
2020-12-07,上午,1,,,,,,,,,,,,,,,,,,,,,https://www.mnd.gov.tw/Publish.aspx?p=77687&title=%e5%9c%8b%e9%98%b2%e6%b6%88%e6%81%af&SelectStyle=%e5%8d%b3%e6%99%82%e8%bb%8d%e4%ba%8b%e5%8b%95%e6%85%8b
2020-12-09,N/A,,,,1,1,,,,,,,,,,,,,,,,,https://www.mnd.gov.tw/Publish.aspx?p=77691&title=%e5%9c%8b%e9%98%b2%e6%b6%88%e6%81%af&SelectStyle=%e5%8d%b3%e6%99%82%e8%bb%8d%e4%ba%8b%e5%8b%95%e6%85%8b
2020-12-10,上午,,,,,1,,,,,,,,,,,,,,,,,https://www.mnd.gov.tw/Publish.aspx?p=77692&title=%e5%9c%8b%e9%98%b2%e6%b6%88%e6%81%af&SelectStyle=%e5%8d%b3%e6%99%82%e8%bb%8d%e4%ba%8b%e5%8b%95%e6%85%8b
2020-12-12,N/A,1,,,,,,,,,,,,,,,,,,,,,https://www.mnd.gov.tw/Publish.aspx?p=77701&title=%e5%9c%8b%e9%98%b2%e6%b6%88%e6%81%af&SelectStyle=%e5%8d%b3%e6%99%82%e8%bb%8d%e4%ba%8b%e5%8b%95%e6%85%8b
2020-12-15,N/A,1,,,1,,,,,,,,,,,,,,,,,,https://www.mnd.gov.tw/Publish.aspx?p=77710&title=%e5%9c%8b%e9%98%b2%e6%b6%88%e6%81%af&SelectStyle=%e5%8d%b3%e6%99%82%e8%bb%8d%e4%ba%8b%e5%8b%95%e6%85%8b
2020-12-16,N/A,1,,,1,,1,1,,,,,,,,,,,,,,,https://www.mnd.gov.tw/Publish.aspx?p=77714&title=%e5%9c%8b%e9%98%b2%e6%b6%88%e6%81%af&SelectStyle=%e5%8d%b3%e6%99%82%e8%bb%8d%e4%ba%8b%e5%8b%95%e6%85%8b
2020-12-20,N/A,1,,,,1,,,,,,,,,,,,,,,,,https://www.mnd.gov.tw/Publish.aspx?p=77754&title=%e5%9c%8b%e9%98%b2%e6%b6%88%e6%81%af&SelectStyle=%e5%8d%b3%e6%99%82%e8%bb%8d%e4%ba%8b%e5%8b%95%e6%85%8b
2020-12-21,下午,,,,1,,,1,,,,,,,,,,,,,,,https://www.mnd.gov.tw/Publish.aspx?p=77760&title=%e5%9c%8b%e9%98%b2%e6%b6%88%e6%81%af&SelectStyle=%e5%8d%b3%e6%99%82%e8%bb%8d%e4%ba%8b%e5%8b%95%e6%85%8b
2020-12-22,下午,1,,,,1,,,,,,,,,,,,,,,,,https://www.mnd.gov.tw/Publish.aspx?p=77762&title=%e5%9c%8b%e9%98%b2%e6%b6%88%e6%81%af&SelectStyle=%e5%8d%b3%e6%99%82%e8%bb%8d%e4%ba%8b%e5%8b%95%e6%85%8b
2020-12-24,N/A,1,,,,1,,,,,,,,,,,,,,,,,https://www.mnd.gov.tw/Publish.aspx?p=77776&title=%e5%9c%8b%e9%98%b2%e6%b6%88%e6%81%af&SelectStyle=%e5%8d%b3%e6%99%82%e8%bb%8d%e4%ba%8b%e5%8b%95%e6%85%8b
2020-12-25,N/A,1,,,1,,,,,,,,,,,,,,,,,,https://www.mnd.gov.tw/Publish.aspx?p=77790&title=%e5%9c%8b%e9%98%b2%e6%b6%88%e6%81%af&SelectStyle=%e5%8d%b3%e6%99%82%e8%bb%8d%e4%ba%8b%e5%8b%95%e6%85%8b
2020-12-26,N/A,1,,,,,,,,,,,,,,,,,,,,,https://www.mnd.gov.tw/Publish.aspx?p=77819&title=%e5%9c%8b%e9%98%b2%e6%b6%88%e6%81%af&SelectStyle=%e5%8d%b3%e6%99%82%e8%bb%8d%e4%ba%8b%e5%8b%95%e6%85%8b
2020-12-28,下午,,,,1,,,,,,,,,,,,,,,,,,https://www.mnd.gov.tw/Publish.aspx?p=77826&title=%e5%9c%8b%e9%98%b2%e6%b6%88%e6%81%af&SelectStyle=%e5%8d%b3%e6%99%82%e8%bb%8d%e4%ba%8b%e5%8b%95%e6%85%8b
2020-12-29,N/A,1,,,,,,,,,,,,,,,,,,,,,https://www.mnd.gov.tw/Publish.aspx?p=77829&title=%e5%9c%8b%e9%98%b2%e6%b6%88%e6%81%af&SelectStyle=%e5%8d%b3%e6%99%82%e8%bb%8d%e4%ba%8b%e5%8b%95%e6%85%8b
2021-01-02,下午,,,,1,,,,,,,,,,,,,,,,,,https://www.mnd.gov.tw/Publish.aspx?p=77845&title=%e5%9c%8b%e9%98%b2%e6%b6%88%e6%81%af&SelectStyle=%e5%8d%b3%e6%99%82%e8%bb%8d%e4%ba%8b%e5%8b%95%e6%85%8b
2021-01-03,N/A,1,,,,,,,,,,,,,,,,,,,,,https://www.mnd.gov.tw/Publish.aspx?p=77868&title=%e5%9c%8b%e9%98%b2%e6%b6%88%e6%81%af&SelectStyle=%e5%8d%b3%e6%99%82%e8%bb%8d%e4%ba%8b%e5%8b%95%e6%85%8b
2021-01-04,N/A,1,,,1,1,,1,,,,,,,,,,,,,,,https://www.mnd.gov.tw/Publish.aspx?p=77871&title=%e5%9c%8b%e9%98%b2%e6%b6%88%e6%81%af&SelectStyle=%e5%8d%b3%e6%99%82%e8%bb%8d%e4%ba%8b%e5%8b%95%e6%85%8b
2021-01-05,N/A,,,,,1,,,,,,,,,,,,,,,,,https://www.mnd.gov.tw/Publish.aspx?p=77878&title=%e5%9c%8b%e9%98%b2%e6%b6%88%e6%81%af&SelectStyle=%e5%8d%b3%e6%99%82%e8%bb%8d%e4%ba%8b%e5%8b%95%e6%85%8b
2021-01-06,N/A,1,,,,1,,,,,,,,,,,,,,,,,https://www.mnd.gov.tw/Publish.aspx?p=77880&title=%e5%9c%8b%e9%98%b2%e6%b6%88%e6%81%af&SelectStyle=%e5%8d%b3%e6%99%82%e8%bb%8d%e4%ba%8b%e5%8b%95%e6%85%8b
2021-01-07,N/A,,,,,,,,,,,,,,,,1,,,,,,https://www.mnd.gov.tw/Publish.aspx?p=77883&title=%e5%9c%8b%e9%98%b2%e6%b6%88%e6%81%af&SelectStyle=%e5%8d%b3%e6%99%82%e8%bb%8d%e4%ba%8b%e5%8b%95%e6%85%8b
2021-01-09,N/A,1,,,,,,,,,,,,,,,,,,,,,https://www.mnd.gov.tw/Publish.aspx?p=77887&title=%e5%9c%8b%e9%98%b2%e6%b6%88%e6%81%af&SelectStyle=%e5%8d%b3%e6%99%82%e8%bb%8d%e4%ba%8b%e5%8b%95%e6%85%8b
2021-01-11,N/A,,,,1,,,,,,,,,,,,,,,,,,https://www.mnd.gov.tw/Publish.aspx?p=77889&title=%e5%9c%8b%e9%98%b2%e6%b6%88%e6%81%af&SelectStyle=%e5%8d%b3%e6%99%82%e8%bb%8d%e4%ba%8b%e5%8b%95%e6%85%8b
2021-01-12,N/A,1,,,1,1,,,,,,,,,,,,,,,,,https://www.mnd.gov.tw/Publish.aspx?p=77894&title=%e5%9c%8b%e9%98%b2%e6%b6%88%e6%81%af&SelectStyle=%e5%8d%b3%e6%99%82%e8%bb%8d%e4%ba%8b%e5%8b%95%e6%85%8b
2021-01-13,N/A,1,,,,,,,,,,,,,,,,,,,,,https://www.mnd.gov.tw/Publish.aspx?p=77899&title=%e5%9c%8b%e9%98%b2%e6%b6%88%e6%81%af&SelectStyle=%e5%8d%b3%e6%99%82%e8%bb%8d%e4%ba%8b%e5%8b%95%e6%85%8b
2021-01-14,N/A,,,,1,1,,,,,,,,,,,,,,,,,https://www.mnd.gov.tw/Publish.aspx?p=77908&title=%e5%9c%8b%e9%98%b2%e6%b6%88%e6%81%af&SelectStyle=%e5%8d%b3%e6%99%82%e8%bb%8d%e4%ba%8b%e5%8b%95%e6%85%8b
2021-01-15,N/A,1,,,,,,,,,,,,,,,,,,,,,https://www.mnd.gov.tw/Publish.aspx?p=77910&title=%e5%9c%8b%e9%98%b2%e6%b6%88%e6%81%af&SelectStyle=%e5%8d%b3%e6%99%82%e8%bb%8d%e4%ba%8b%e5%8b%95%e6%85%8b
2021-01-16,N/A,1,,,,,,,,,,,,,,,,,,,,,https://www.mnd.gov.tw/Publish.aspx?p=77912&title=%e5%9c%8b%e9%98%b2%e6%b6%88%e6%81%af&SelectStyle=%e5%8d%b3%e6%99%82%e8%bb%8d%e4%ba%8b%e5%8b%95%e6%85%8b
2021-01-17,N/A,,,,,1,,,,,,,,,,,,,,,,,https://www.mnd.gov.tw/Publish.aspx?p=77914&title=%e5%9c%8b%e9%98%b2%e6%b6%88%e6%81%af&SelectStyle=%e5%8d%b3%e6%99%82%e8%bb%8d%e4%ba%8b%e5%8b%95%e6%85%8b
2021-01-18,N/A,1,,,1,1,,,,,,,,,,,,,,,,,https://www.mnd.gov.tw/Publish.aspx?p=77917&title=%e5%9c%8b%e9%98%b2%e6%b6%88%e6%81%af&SelectStyle=%e5%8d%b3%e6%99%82%e8%bb%8d%e4%ba%8b%e5%8b%95%e6%85%8b
2021-01-19,N/A,,,,,1,1,,,,,,,,,,,,,,,,https://www.mnd.gov.tw/Publish.aspx?p=77930&title=%e5%9c%8b%e9%98%b2%e6%b6%88%e6%81%af&SelectStyle=%e5%8d%b3%e6%99%82%e8%bb%8d%e4%ba%8b%e5%8b%95%e6%85%8b
2021-01-20,N/A,,,,1,,,,,,,,,,,,,,,,,,https://www.mnd.gov.tw/Publish.aspx?p=77941&title=%e5%9c%8b%e9%98%b2%e6%b6%88%e6%81%af&SelectStyle=%e5%8d%b3%e6%99%82%e8%bb%8d%e4%ba%8b%e5%8b%95%e6%85%8b
2021-01-22,N/A,,,,,,,1,,,,,,,,,,,,,,,https://www.mnd.gov.tw/Publish.aspx?p=77952&title=%e5%9c%8b%e9%98%b2%e6%b6%88%e6%81%af&SelectStyle=%e5%8d%b3%e6%99%82%e8%bb%8d%e4%ba%8b%e5%8b%95%e6%85%8b
2021-01-23,N/A,1,,,,,,,,8,,,,,4,,,,,,,,https://www.mnd.gov.tw/Publish.aspx?p=77954&title=%e5%9c%8b%e9%98%b2%e6%b6%88%e6%81%af&SelectStyle=%e5%8d%b3%e6%99%82%e8%bb%8d%e4%ba%8b%e5%8b%95%e6%85%8b
2021-01-24,N/A,2,,,1,,,,,,,,6,,4,2,,,,,,,https://www.mnd.gov.tw/Publish.aspx?p=77956&title=%e5%9c%8b%e9%98%b2%e6%b6%88%e6%81%af&SelectStyle=%e5%8d%b3%e6%99%82%e8%bb%8d%e4%ba%8b%e5%8b%95%e6%85%8b
2021-01-25,N/A,1,,,,,,,,,,,,,,,,,,,,,https://www.mnd.gov.tw/Publish.aspx?p=77959&title=%e5%9c%8b%e9%98%b2%e6%b6%88%e6%81%af&SelectStyle=%e5%8d%b3%e6%99%82%e8%bb%8d%e4%ba%8b%e5%8b%95%e6%85%8b
2021-01-26,N/A,1,,,,1,,,,,,,2,,,,,,,,,,https://www.mnd.gov.tw/Publish.aspx?p=77979&title=%e5%9c%8b%e9%98%b2%e6%b6%88%e6%81%af&SelectStyle=%e5%8d%b3%e6%99%82%e8%bb%8d%e4%ba%8b%e5%8b%95%e6%85%8b
2021-01-27,N/A,2,,,1,1,,,,,,,,,,,,,,,,,https://www.mnd.gov.tw/Publish.aspx?p=78000&title=%e5%9c%8b%e9%98%b2%e6%b6%88%e6%81%af&SelectStyle=%e5%8d%b3%e6%99%82%e8%bb%8d%e4%ba%8b%e5%8b%95%e6%85%8b
2021-01-28,N/A,,,,,,1,,,,,,2,,,,1,,,,,,https://www.mnd.gov.tw/Publish.aspx?p=78012&title=%e5%9c%8b%e9%98%b2%e6%b6%88%e6%81%af&SelectStyle=%e5%8d%b3%e6%99%82%e8%bb%8d%e4%ba%8b%e5%8b%95%e6%85%8b
2021-01-28,晚間,,,,,,,,,,,,2,,,,,,,,,,https://www.mnd.gov.tw/Publish.aspx?p=78014&title=%e5%9c%8b%e9%98%b2%e6%b6%88%e6%81%af&SelectStyle=%e5%8d%b3%e6%99%82%e8%bb%8d%e4%ba%8b%e5%8b%95%e6%85%8b
2021-01-29,N/A,1,,,1,,,,,,,,,,,,,,,,,,https://www.mnd.gov.tw/Publish.aspx?p=78028&title=%e5%9c%8b%e9%98%b2%e6%b6%88%e6%81%af&SelectStyle=%e5%8d%b3%e6%99%82%e8%bb%8d%e4%ba%8b%e5%8b%95%e6%85%8b
2021-01-30,N/A,1,,,,,,,,,,,,,,,,,,,,,https://www.mnd.gov.tw/Publish.aspx?p=78031&title=%e5%9c%8b%e9%98%b2%e6%b6%88%e6%81%af&SelectStyle=%e5%8d%b3%e6%99%82%e8%bb%8d%e4%ba%8b%e5%8b%95%e6%85%8b
2021-01-31,N/A,,,,1,,,,,,,,2,2,,,,,,,,,https://www.mnd.gov.tw/Publish.aspx?p=78033&title=%e5%9c%8b%e9%98%b2%e6%b6%88%e6%81%af&SelectStyle=%e5%8d%b3%e6%99%82%e8%bb%8d%e4%ba%8b%e5%8b%95%e6%85%8b
2021-01-31,晚間,,,,,,,,,,,,,2,,,,,,,,,https://www.mnd.gov.tw/Publish.aspx?p=78035&title=%e5%9c%8b%e9%98%b2%e6%b6%88%e6%81%af&SelectStyle=%e5%8d%b3%e6%99%82%e8%bb%8d%e4%ba%8b%e5%8b%95%e6%85%8b
2021-02-01,N/A,1,,,,,,,,,,,,,,,,,,,,,https://www.mnd.gov.tw/Publish.aspx?p=78042&title=%e5%9c%8b%e9%98%b2%e6%b6%88%e6%81%af&SelectStyle=%e5%8d%b3%e6%99%82%e8%bb%8d%e4%ba%8b%e5%8b%95%e6%85%8b
2021-02-02,晚間,,,,1,,,,,,,,,,,,,,,,,,https://www.mnd.gov.tw/Publish.aspx?p=78046&title=%e5%9c%8b%e9%98%b2%e6%b6%88%e6%81%af&SelectStyle=%e5%8d%b3%e6%99%82%e8%bb%8d%e4%ba%8b%e5%8b%95%e6%85%8b
2021-02-04,N/A,,,,1,,1,,,,,,,,,,,,,,,,https://www.mnd.gov.tw/Publish.aspx?p=78057&title=%e5%9c%8b%e9%98%b2%e6%b6%88%e6%81%af&SelectStyle=%e5%8d%b3%e6%99%82%e8%bb%8d%e4%ba%8b%e5%8b%95%e6%85%8b
2021-02-05,N/A,1,,,,,,,,,,,,,,,,,,,,,https://www.mnd.gov.tw/Publish.aspx?p=78068&title=%e5%9c%8b%e9%98%b2%e6%b6%88%e6%81%af&SelectStyle=%e5%8d%b3%e6%99%82%e8%bb%8d%e4%ba%8b%e5%8b%95%e6%85%8b
2021-02-06,下午,,,,1,,,,,,,,,,,,,,,,,,https://www.mnd.gov.tw/Publish.aspx?p=78075&title=%e5%9c%8b%e9%98%b2%e6%b6%88%e6%81%af&SelectStyle=%e5%8d%b3%e6%99%82%e8%bb%8d%e4%ba%8b%e5%8b%95%e6%85%8b
2021-02-07,上午,2,,,,,,,,,,,,,,,,,,,,,https://www.mnd.gov.tw/Publish.aspx?p=78079&title=%e5%9c%8b%e9%98%b2%e6%b6%88%e6%81%af&SelectStyle=%e5%8d%b3%e6%99%82%e8%bb%8d%e4%ba%8b%e5%8b%95%e6%85%8b
2021-02-08,晚間,,,,,,,,,,,,,,2,,,,,,,,https://www.mnd.gov.tw/Publish.aspx?p=78089&title=%e5%9c%8b%e9%98%b2%e6%b6%88%e6%81%af&SelectStyle=%e5%8d%b3%e6%99%82%e8%bb%8d%e4%ba%8b%e5%8b%95%e6%85%8b
2021-02-13,N/A,1,,,1,,,,,,,,,,,,,,,,,,https://www.mnd.gov.tw/Publish.aspx?p=78094&title=%e5%9c%8b%e9%98%b2%e6%b6%88%e6%81%af&SelectStyle=%e5%8d%b3%e6%99%82%e8%bb%8d%e4%ba%8b%e5%8b%95%e6%85%8b
2021-02-15,上午,1,,,,,,,,,,,,,,,,,,,,,https://www.mnd.gov.tw/Publish.aspx?p=78096&title=%e5%9c%8b%e9%98%b2%e6%b6%88%e6%81%af&SelectStyle=%e5%8d%b3%e6%99%82%e8%bb%8d%e4%ba%8b%e5%8b%95%e6%85%8b
2021-02-16,上午,1,,,,,,,,,,,,,,,,,,,,,https://www.mnd.gov.tw/Publish.aspx?p=78098&title=%e5%9c%8b%e9%98%b2%e6%b6%88%e6%81%af&SelectStyle=%e5%8d%b3%e6%99%82%e8%bb%8d%e4%ba%8b%e5%8b%95%e6%85%8b
2021-02-17,上午,,,,2,,,,,,,,,,,,,,,,,,https://www.mnd.gov.tw/Publish.aspx?p=78108&title=%e5%9c%8b%e9%98%b2%e6%b6%88%e6%81%af&SelectStyle=%e5%8d%b3%e6%99%82%e8%bb%8d%e4%ba%8b%e5%8b%95%e6%85%8b
2021-02-18,下午,,,,1,,,,,,,,,,,,,,,,,,https://www.mnd.gov.tw/Publish.aspx?p=78155&title=%e5%9c%8b%e9%98%b2%e6%b6%88%e6%81%af&SelectStyle=%e5%8d%b3%e6%99%82%e8%bb%8d%e4%ba%8b%e5%8b%95%e6%85%8b
2021-02-19,N/A,,,,,,,1,,,4,,,,4,,,,,,,,https://www.mnd.gov.tw/Publish.aspx?p=78160&title=%e5%9c%8b%e9%98%b2%e6%b6%88%e6%81%af&SelectStyle=%e5%8d%b3%e6%99%82%e8%bb%8d%e4%ba%8b%e5%8b%95%e6%85%8b
2021-02-20,N/A,1,,,,,,,,2,4,,2,,2,,,,,,,,https://www.mnd.gov.tw/Publish.aspx?p=78181&title=%e5%9c%8b%e9%98%b2%e6%b6%88%e6%81%af&SelectStyle=%e5%8d%b3%e6%99%82%e8%bb%8d%e4%ba%8b%e5%8b%95%e6%85%8b
2021-02-22,下午,1,,,,,,,,,,,,,,,,,,,,,https://www.mnd.gov.tw/Publish.aspx?p=78189&title=%e5%9c%8b%e9%98%b2%e6%b6%88%e6%81%af&SelectStyle=%e5%8d%b3%e6%99%82%e8%bb%8d%e4%ba%8b%e5%8b%95%e6%85%8b
2021-02-23,下午,1,,,,,,,,,,,,,,,,,,,,,https://www.mnd.gov.tw/Publish.aspx?p=78192&title=%e5%9c%8b%e9%98%b2%e6%b6%88%e6%81%af&SelectStyle=%e5%8d%b3%e6%99%82%e8%bb%8d%e4%ba%8b%e5%8b%95%e6%85%8b
2021-02-28,下午,1,,,,,,,,,,,,,,,,,,,,,https://www.mnd.gov.tw/Publish.aspx?p=78227&title=%e5%9c%8b%e9%98%b2%e6%b6%88%e6%81%af&SelectStyle=%e5%8d%b3%e6%99%82%e8%bb%8d%e4%ba%8b%e5%8b%95%e6%85%8b
2021-03-01,下午,1,,,0,,,,,,,,,,,,,,,,,,https://www.mnd.gov.tw/Publish.aspx?p=78229&title=%e5%9c%8b%e9%98%b2%e6%b6%88%e6%81%af&SelectStyle=%e5%8d%b3%e6%99%82%e8%bb%8d%e4%ba%8b%e5%8b%95%e6%85%8b
2021-03-02,下午,,,,1,,,,,,,,,,,,,,,,,,https://www.mnd.gov.tw/Publish.aspx?p=78232&title=%e5%9c%8b%e9%98%b2%e6%b6%88%e6%81%af&SelectStyle=%e5%8d%b3%e6%99%82%e8%bb%8d%e4%ba%8b%e5%8b%95%e6%85%8b
2021-03-03,N/A,1,,,1,,,,,,,,,,,,,,,,,,https://www.mnd.gov.tw/PublishTable.aspx?Types=%E5%8D%B3%E6%99%82%E8%BB%8D%E4%BA%8B%E5%8B%95%E6%85%8B&title=%E5%9C%8B%E9%98%B2%E6%B6%88%E6%81%AF&Page=8
2021-03-08,N/A,1,,,1,,,,,,,,,,,,,,,,,,https://www.mnd.gov.tw/Publish.aspx?p=78264&title=%e5%9c%8b%e9%98%b2%e6%b6%88%e6%81%af&SelectStyle=%e5%8d%b3%e6%99%82%e8%bb%8d%e4%ba%8b%e5%8b%95%e6%85%8b
2021-03-10,下午,1,,,,,,,,,,,,,,,,,,,,,https://www.mnd.gov.tw/Publish.aspx?p=78283&title=%e5%9c%8b%e9%98%b2%e6%b6%88%e6%81%af&SelectStyle=%e5%8d%b3%e6%99%82%e8%bb%8d%e4%ba%8b%e5%8b%95%e6%85%8b
2021-03-11,晚間,1,,,,,,,,,,,,,,,,,,,,,https://www.mnd.gov.tw/Publish.aspx?p=78289&title=%e5%9c%8b%e9%98%b2%e6%b6%88%e6%81%af&SelectStyle=%e5%8d%b3%e6%99%82%e8%bb%8d%e4%ba%8b%e5%8b%95%e6%85%8b
2021-03-12,N/A,,,,1,,,,,,,,,,,,,,,,,,https://www.mnd.gov.tw/Publish.aspx?p=78293&title=%e5%9c%8b%e9%98%b2%e6%b6%88%e6%81%af&SelectStyle=%e5%8d%b3%e6%99%82%e8%bb%8d%e4%ba%8b%e5%8b%95%e6%85%8b
2021-03-14,下午,1,,,,,,,,,,,,,,,,,,,,,https://www.mnd.gov.tw/Publish.aspx?p=78298&title=%e5%9c%8b%e9%98%b2%e6%b6%88%e6%81%af&SelectStyle=%e5%8d%b3%e6%99%82%e8%bb%8d%e4%ba%8b%e5%8b%95%e6%85%8b
2021-03-15,下午,1,,,1,,,,,,,,,,,,,,,,,,https://www.mnd.gov.tw/Publish.aspx?p=78306&title=%e5%9c%8b%e9%98%b2%e6%b6%88%e6%81%af&SelectStyle=%e5%8d%b3%e6%99%82%e8%bb%8d%e4%ba%8b%e5%8b%95%e6%85%8b
2021-03-17,下午,1,,,,,,,,,,,,,,,,,,,,,https://www.mnd.gov.tw/Publish.aspx?p=78314&title=%e5%9c%8b%e9%98%b2%e6%b6%88%e6%81%af&SelectStyle=%e5%8d%b3%e6%99%82%e8%bb%8d%e4%ba%8b%e5%8b%95%e6%85%8b
2021-03-20,上午,1,,,,,,,,,,,,,,,,,,,,,https://www.mnd.gov.tw/Publish.aspx?p=78332&title=%e5%9c%8b%e9%98%b2%e6%b6%88%e6%81%af&SelectStyle=%e5%8d%b3%e6%99%82%e8%bb%8d%e4%ba%8b%e5%8b%95%e6%85%8b
2021-03-22,上午,,,,,,,,,,,,2,,,,,,,,,,https://www.mnd.gov.tw/Publish.aspx?p=78341&title=%e5%9c%8b%e9%98%b2%e6%b6%88%e6%81%af&SelectStyle=%e5%8d%b3%e6%99%82%e8%bb%8d%e4%ba%8b%e5%8b%95%e6%85%8b
2021-03-24,下午,1,,,,,,,,,,,2,,,,,,,,,,https://www.mnd.gov.tw/Publish.aspx?p=78362&title=%e5%9c%8b%e9%98%b2%e6%b6%88%e6%81%af&SelectStyle=%e5%8d%b3%e6%99%82%e8%bb%8d%e4%ba%8b%e5%8b%95%e6%85%8b
2021-03-25,N/A,1,,,,,,,,,,,2,,,,,,,,,,https://www.mnd.gov.tw/Publish.aspx?p=78367&title=%e5%9c%8b%e9%98%b2%e6%b6%88%e6%81%af&SelectStyle=%e5%8d%b3%e6%99%82%e8%bb%8d%e4%ba%8b%e5%8b%95%e6%85%8b
2021-03-26,N/A,2,,,1,,,,,4,,,2,,10,,1,,,,,,https://www.mnd.gov.tw/Publish.aspx?p=78370&title=%e5%9c%8b%e9%98%b2%e6%b6%88%e6%81%af&SelectStyle=%e5%8d%b3%e6%99%82%e8%bb%8d%e4%ba%8b%e5%8b%95%e6%85%8b
2021-03-27,上午,,,,,,,,,,,,1,,,,,,,,,,https://www.mnd.gov.tw/Publish.aspx?p=78372&title=%e5%9c%8b%e9%98%b2%e6%b6%88%e6%81%af&SelectStyle=%e5%8d%b3%e6%99%82%e8%bb%8d%e4%ba%8b%e5%8b%95%e6%85%8b
2021-03-29,N/A,1,,,,,,,,,,,4,,4,,1,,,,,,https://www.mnd.gov.tw/Publish.aspx?p=78381&title=%e5%9c%8b%e9%98%b2%e6%b6%88%e6%81%af&SelectStyle=%e5%8d%b3%e6%99%82%e8%bb%8d%e4%ba%8b%e5%8b%95%e6%85%8b
2021-03-30,上午,1,,,,,,,,,,,,,,,,,,,,,https://www.mnd.gov.tw/Publish.aspx?p=78384&title=%e5%9c%8b%e9%98%b2%e6%b6%88%e6%81%af&SelectStyle=%e5%8d%b3%e6%99%82%e8%bb%8d%e4%ba%8b%e5%8b%95%e6%85%8b
2021-04-03,下午,1,,,,,,,,,,,,,,,,,,,,,https://www.mnd.gov.tw/Publish.aspx?p=78411&title=%e5%9c%8b%e9%98%b2%e6%b6%88%e6%81%af&SelectStyle=%e5%8d%b3%e6%99%82%e8%bb%8d%e4%ba%8b%e5%8b%95%e6%85%8b
2021-04-04,上午,,,,1,,,,,,,,,,,,,,,,,,https://www.mnd.gov.tw/Publish.aspx?p=78413&title=%e5%9c%8b%e9%98%b2%e6%b6%88%e6%81%af&SelectStyle=%e5%8d%b3%e6%99%82%e8%bb%8d%e4%ba%8b%e5%8b%95%e6%85%8b
2021-04-05,N/A,1,,,,,,,,,,,4,,4,,1,,,,,,https://www.mnd.gov.tw/Publish.aspx?p=78416&title=%e5%9c%8b%e9%98%b2%e6%b6%88%e6%81%af&SelectStyle=%e5%8d%b3%e6%99%82%e8%bb%8d%e4%ba%8b%e5%8b%95%e6%85%8b
2021-04-06,N/A,,,,1,,,,,,,,,,2,,1,,,,,,https://www.mnd.gov.tw/Publish.aspx?p=78418&title=%e5%9c%8b%e9%98%b2%e6%b6%88%e6%81%af&SelectStyle=%e5%8d%b3%e6%99%82%e8%bb%8d%e4%ba%8b%e5%8b%95%e6%85%8b
2021-04-07,N/A,1,,,,,,,,,,,8,,4,,2,,,,,,https://www.mnd.gov.tw/Publish.aspx?p=78432&title=%e5%9c%8b%e9%98%b2%e6%b6%88%e6%81%af&SelectStyle=%e5%8d%b3%e6%99%82%e8%bb%8d%e4%ba%8b%e5%8b%95%e6%85%8bb
2021-04-08,N/A,2,,,,,,,,,,,,,,,,,,,,,https://www.mnd.gov.tw/Publish.aspx?p=78444&title=%e5%9c%8b%e9%98%b2%e6%b6%88%e6%81%af&SelectStyle=%e5%8d%b3%e6%99%82%e8%bb%8d%e4%ba%8b%e5%8b%95%e6%85%8b
2021-04-09,N/A,1,,,,1,,,,,,,4,,4,,1,,,,,,https://www.mnd.gov.tw/Publish.aspx?p=78450&title=%e5%9c%8b%e9%98%b2%e6%b6%88%e6%81%af&SelectStyle=%e5%8d%b3%e6%99%82%e8%bb%8d%e4%ba%8b%e5%8b%95%e6%85%8b
2021-04-10,N/A,,,,1,1,,,,,,,,,,,2,,,,,,https://www.mnd.gov.tw/Publish.aspx?p=78453&title=%e5%9c%8b%e9%98%b2%e6%b6%88%e6%81%af&SelectStyle=%e5%8d%b3%e6%99%82%e8%bb%8d%e4%ba%8b%e5%8b%95%e6%85%8b
2021-04-11,N/A,,,,,1,,,,,,,,,,,,,,,,,https://www.mnd.gov.tw/Publish.aspx?p=78455&title=%e5%9c%8b%e9%98%b2%e6%b6%88%e6%81%af&SelectStyle=%e5%8d%b3%e6%99%82%e8%bb%8d%e4%ba%8b%e5%8b%95%e6%85%8b
2021-04-12,N/A,2,,,,,,,,4,,,4,,14,,1,,,,,,https://www.mnd.gov.tw/Publish.aspx?p=78460&title=%e5%9c%8b%e9%98%b2%e6%b6%88%e6%81%af&SelectStyle=%e5%8d%b3%e6%99%82%e8%bb%8d%e4%ba%8b%e5%8b%95%e6%85%8b
2021-04-13,N/A,1,,,,,,,,,,,,,4,,,,,,,,https://www.mnd.gov.tw/Publish.aspx?p=78465&title=%e5%9c%8b%e9%98%b2%e6%b6%88%e6%81%af&SelectStyle=%e5%8d%b3%e6%99%82%e8%bb%8d%e4%ba%8b%e5%8b%95%e6%85%8b
2021-04-15,下午,,,,,,,,,,,,,,2,,,,,,,,https://www.mnd.gov.tw/Publish.aspx?p=78487&title=%e5%9c%8b%e9%98%b2%e6%b6%88%e6%81%af&SelectStyle=%e5%8d%b3%e6%99%82%e8%bb%8d%e4%ba%8b%e5%8b%95%e6%85%8b
2021-04-16,上午,,,,1,,,,,,,,,,,,,,,,,,https://www.mnd.gov.tw/Publish.aspx?p=78495&title=%e5%9c%8b%e9%98%b2%e6%b6%88%e6%81%af&SelectStyle=%e5%8d%b3%e6%99%82%e8%bb%8d%e4%ba%8b%e5%8b%95%e6%85%8b
2021-04-17,上午,,,,,,,,,,,,,,1,,,,,,,,https://www.mnd.gov.tw/Publish.aspx?p=78497&title=%e5%9c%8b%e9%98%b2%e6%b6%88%e6%81%af&SelectStyle=%e5%8d%b3%e6%99%82%e8%bb%8d%e4%ba%8b%e5%8b%95%e6%85%8b
2021-04-18,N/A,2,,,1,,,,,,,,,,,,,,,,,,https://www.mnd.gov.tw/Publish.aspx?p=78500&title=%e5%9c%8b%e9%98%b2%e6%b6%88%e6%81%af&SelectStyle=%e5%8d%b3%e6%99%82%e8%bb%8d%e4%ba%8b%e5%8b%95%e6%85%8b
2021-04-19,下午,,,,1,,,,,,,,,,,,,,,,,,https://www.mnd.gov.tw/Publish.aspx?p=78520&title=%e5%9c%8b%e9%98%b2%e6%b6%88%e6%81%af&SelectStyle=%e5%8d%b3%e6%99%82%e8%bb%8d%e4%ba%8b%e5%8b%95%e6%85%8b
2021-04-20,N/A,2,,,1,1,,,,,,,,,5,,,,,,,,https://www.mnd.gov.tw/Publish.aspx?p=78532&title=%e5%9c%8b%e9%98%b2%e6%b6%88%e6%81%af&SelectStyle=%e5%8d%b3%e6%99%82%e8%bb%8d%e4%ba%8b%e5%8b%95%e6%85%8b
2021-04-21,N/A,,,,1,1,,,,,,,,,,,,,,,,,https://www.mnd.gov.tw/Publish.aspx?p=78533&title=%e5%9c%8b%e9%98%b2%e6%b6%88%e6%81%af&SelectStyle=%e5%8d%b3%e6%99%82%e8%bb%8d%e4%ba%8b%e5%8b%95%e6%85%8b
2021-04-24,下午,1,,,,,,,,,,,,,,,,,,,,,https://www.mnd.gov.tw/Publish.aspx?p=78548&title=%e5%9c%8b%e9%98%b2%e6%b6%88%e6%81%af&SelectStyle=%e5%8d%b3%e6%99%82%e8%bb%8d%e4%ba%8b%e5%8b%95%e6%85%8b
2021-04-25,上午,1,,,,,,,,,,,,,,,,,,,,,https://www.mnd.gov.tw/Publish.aspx?p=78550&title=%e5%9c%8b%e9%98%b2%e6%b6%88%e6%81%af&SelectStyle=%e5%8d%b3%e6%99%82%e8%bb%8d%e4%ba%8b%e5%8b%95%e6%85%8b
2021-04-26,上午,,,,1,1,,,,,,,,,,,,,,,,,https://www.mnd.gov.tw/Publish.aspx?p=78569&title=%e5%9c%8b%e9%98%b2%e6%b6%88%e6%81%af&SelectStyle=%e5%8d%b3%e6%99%82%e8%bb%8d%e4%ba%8b%e5%8b%95%e6%85%8b
2021-04-30,N/A,1,,,,1,,,,,,,,,2,,1,,,,,,https://www.mnd.gov.tw/Publish.aspx?p=78581&title=%e5%9c%8b%e9%98%b2%e6%b6%88%e6%81%af&SelectStyle=%e5%8d%b3%e6%99%82%e8%bb%8d%e4%ba%8b%e5%8b%95%e6%85%8b
2021-05-02,N/A,1,,,1,,,,,,,,,,,,,,,,,,https://www.mnd.gov.tw/Publish.aspx?p=78584&title=%e5%9c%8b%e9%98%b2%e6%b6%88%e6%81%af&SelectStyle=%e5%8d%b3%e6%99%82%e8%bb%8d%e4%ba%8b%e5%8b%95%e6%85%8b
2021-05-04,下午,1,,,,,,,,,,,,,,,,,,,,,https://www.mnd.gov.tw/Publish.aspx?p=78593&title=%e5%9c%8b%e9%98%b2%e6%b6%88%e6%81%af&SelectStyle=%e5%8d%b3%e6%99%82%e8%bb%8d%e4%ba%8b%e5%8b%95%e6%85%8b
2021-05-06,下午,1,,,,,,,,,,,,,,,,,,,,,https://www.mnd.gov.tw/Publish.aspx?p=78600&title=%e5%9c%8b%e9%98%b2%e6%b6%88%e6%81%af&SelectStyle=%e5%8d%b3%e6%99%82%e8%bb%8d%e4%ba%8b%e5%8b%95%e6%85%8b
2021-05-07,N/A,2,,,,,,,,,,,,,,,,,,,,,https://www.mnd.gov.tw/Publish.aspx?p=78603&title=%e5%9c%8b%e9%98%b2%e6%b6%88%e6%81%af&SelectStyle=%e5%8d%b3%e6%99%82%e8%bb%8d%e4%ba%8b%e5%8b%95%e6%85%8b
2021-05-08,N/A,1,,,,1,,,,,,,,,,,,,,,,,https://www.mnd.gov.tw/Publish.aspx?p=78605&title=%e5%9c%8b%e9%98%b2%e6%b6%88%e6%81%af&SelectStyle=%e5%8d%b3%e6%99%82%e8%bb%8d%e4%ba%8b%e5%8b%95%e6%85%8b
2021-05-11,N/A,,,,,1,,,,,,,,,,,,,,,,,https://www.mnd.gov.tw/Publish.aspx?p=78612&title=%e5%9c%8b%e9%98%b2%e6%b6%88%e6%81%af&SelectStyle=%e5%8d%b3%e6%99%82%e8%bb%8d%e4%ba%8b%e5%8b%95%e6%85%8b
2021-05-12,下午,1,,,,,,,,,,,,,,,,,,,,,https://www.mnd.gov.tw/Publish.aspx?p=78617&title=%e5%9c%8b%e9%98%b2%e6%b6%88%e6%81%af&SelectStyle=%e5%8d%b3%e6%99%82%e8%bb%8d%e4%ba%8b%e5%8b%95%e6%85%8b
2021-05-14,上午,1,,,,1,,,,,,,,,,,,,,,,,https://www.mnd.gov.tw/Publish.aspx?p=78627&title=%e5%9c%8b%e9%98%b2%e6%b6%88%e6%81%af&SelectStyle=%e5%8d%b3%e6%99%82%e8%bb%8d%e4%ba%8b%e5%8b%95%e6%85%8b
2021-05-15,上午,,,,1,,,,,,,,,,,,,,,,,,https://www.mnd.gov.tw/Publish.aspx?p=78630&title=%e5%9c%8b%e9%98%b2%e6%b6%88%e6%81%af&SelectStyle=%e5%8d%b3%e6%99%82%e8%bb%8d%e4%ba%8b%e5%8b%95%e6%85%8b
2021-05-17,上午,,,,,1,,,,,,,,,,,,,,,,,https://www.mnd.gov.tw/Publish.aspx?p=78636&title=%e5%9c%8b%e9%98%b2%e6%b6%88%e6%81%af&SelectStyle=%e5%8d%b3%e6%99%82%e8%bb%8d%e4%ba%8b%e5%8b%95%e6%85%8b
2021-05-19,上午,1,,,,,,,,,,,,,,,,,,,,,https://www.mnd.gov.tw/Publish.aspx?p=78647&title=%e5%9c%8b%e9%98%b2%e6%b6%88%e6%81%af&SelectStyle=%e5%8d%b3%e6%99%82%e8%bb%8d%e4%ba%8b%e5%8b%95%e6%85%8b
2021-05-20,N/A,1,,,,1,,,,,2,,,,,,,,,,,,https://www.mnd.gov.tw/Publish.aspx?p=78651&title=%e5%9c%8b%e9%98%b2%e6%b6%88%e6%81%af&SelectStyle=%e5%8d%b3%e6%99%82%e8%bb%8d%e4%ba%8b%e5%8b%95%e6%85%8b
2021-05-21,N/A,1,,,,1,,,,,,,,,2,,,,,,,,https://www.mnd.gov.tw/Publish.aspx?p=78658&title=%e5%9c%8b%e9%98%b2%e6%b6%88%e6%81%af&SelectStyle=%e5%8d%b3%e6%99%82%e8%bb%8d%e4%ba%8b%e5%8b%95%e6%85%8b
2021-05-22,下午,1,,,,,,,,,,,,,,,,,,,,,https://www.mnd.gov.tw/Publish.aspx?p=78662&title=%e5%9c%8b%e9%98%b2%e6%b6%88%e6%81%af&SelectStyle=%e5%8d%b3%e6%99%82%e8%bb%8d%e4%ba%8b%e5%8b%95%e6%85%8b
2021-05-23,上午,1,,,,1,,,,,,,,,,,,,,,,,https://www.mnd.gov.tw/Publish.aspx?p=78664&title=%e5%9c%8b%e9%98%b2%e6%b6%88%e6%81%af&SelectStyle=%e5%8d%b3%e6%99%82%e8%bb%8d%e4%ba%8b%e5%8b%95%e6%85%8b
2021-05-24,上午,,,,,1,,,,,,,,,,,,,,,,,https://www.mnd.gov.tw/Publish.aspx?p=78667&title=%e5%9c%8b%e9%98%b2%e6%b6%88%e6%81%af&SelectStyle=%e5%8d%b3%e6%99%82%e8%bb%8d%e4%ba%8b%e5%8b%95%e6%85%8b
2021-05-26,下午,,,,,,,,,,,,,,,,1,,,,,,https://www.mnd.gov.tw/Publish.aspx?p=78674&title=%e5%9c%8b%e9%98%b2%e6%b6%88%e6%81%af&SelectStyle=%e5%8d%b3%e6%99%82%e8%bb%8d%e4%ba%8b%e5%8b%95%e6%85%8b
2021-05-28,下午,1,,,,,,,,,,,,,,,,,,,,,https://www.mnd.gov.tw/Publish.aspx?p=78693&title=%e5%9c%8b%e9%98%b2%e6%b6%88%e6%81%af&SelectStyle=%e5%8d%b3%e6%99%82%e8%bb%8d%e4%ba%8b%e5%8b%95%e6%85%8b
2021-06-03,上午,,,,,1,,,,,,,,,,,,,,,,,https://www.mnd.gov.tw/Publish.aspx?p=78702&title=%e5%9c%8b%e9%98%b2%e6%b6%88%e6%81%af&SelectStyle=%e5%8d%b3%e6%99%82%e8%bb%8d%e4%ba%8b%e5%8b%95%e6%85%8b
2021-06-04,上午,,,,,,,,,,,,,,,,1,,,,,,https://www.mnd.gov.tw/Publish.aspx?p=78709&title=%e5%9c%8b%e9%98%b2%e6%b6%88%e6%81%af&SelectStyle=%e5%8d%b3%e6%99%82%e8%bb%8d%e4%ba%8b%e5%8b%95%e6%85%8b
2021-06-14,下午,1,,,,,,,,,,,,,,,,,,,,,https://www.mnd.gov.tw/Publish.aspx?p=78721&title=%e5%9c%8b%e9%98%b2%e6%b6%88%e6%81%af&SelectStyle=%e5%8d%b3%e6%99%82%e8%bb%8d%e4%ba%8b%e5%8b%95%e6%85%8b
2021-06-15,N/A,1,,,,1,,,4,,,,,6,14,,2,,,,,,https://www.mnd.gov.tw/Publish.aspx?p=78724&title=%e5%9c%8b%e9%98%b2%e6%b6%88%e6%81%af&SelectStyle=%e5%8d%b3%e6%99%82%e8%bb%8d%e4%ba%8b%e5%8b%95%e6%85%8b
2021-06-16,下午,1,,,,,,,,,,,,,,,,,,,,,https://www.mnd.gov.tw/Publish.aspx?p=78731&title=%e5%9c%8b%e9%98%b2%e6%b6%88%e6%81%af&SelectStyle=%e5%8d%b3%e6%99%82%e8%bb%8d%e4%ba%8b%e5%8b%95%e6%85%8b
2021-06-17,上午,,,,,1,,,,,,4,,,2,,,,,,,,https://www.mnd.gov.tw/Publish.aspx?p=78733&title=%e5%9c%8b%e9%98%b2%e6%b6%88%e6%81%af&SelectStyle=%e5%8d%b3%e6%99%82%e8%bb%8d%e4%ba%8b%e5%8b%95%e6%85%8b
2021-06-18,下午,1,,,,,,,,,,,,,,,,,,,,,https://www.mnd.gov.tw/Publish.aspx?p=78737&title=%e5%9c%8b%e9%98%b2%e6%b6%88%e6%81%af&SelectStyle=%e5%8d%b3%e6%99%82%e8%bb%8d%e4%ba%8b%e5%8b%95%e6%85%8b
2021-06-19,下午,1,,,,,,,,,,,,,,,,,,,,,https://www.mnd.gov.tw/Publish.aspx?p=78739&title=%e5%9c%8b%e9%98%b2%e6%b6%88%e6%81%af&SelectStyle=%e5%8d%b3%e6%99%82%e8%bb%8d%e4%ba%8b%e5%8b%95%e6%85%8b
2021-06-20,上午,1,,,,,,,,,,,,,,,,,,,,,https://www.mnd.gov.tw/Publish.aspx?p=78741&title=%e5%9c%8b%e9%98%b2%e6%b6%88%e6%81%af&SelectStyle=%e5%8d%b3%e6%99%82%e8%bb%8d%e4%ba%8b%e5%8b%95%e6%85%8b
2021-06-26,上午,1,,,,,,,,,,,,,,,,,,,,,https://www.mnd.gov.tw/Publish.aspx?p=78766&title=%e5%9c%8b%e9%98%b2%e6%b6%88%e6%81%af&SelectStyle=%e5%8d%b3%e6%99%82%e8%bb%8d%e4%ba%8b%e5%8b%95%e6%85%8b
2021-07-02,上午,,,,,1,,,,,,,,,,,,,,,,,https://www.mnd.gov.tw/Publish.aspx?p=78849&title=%e5%9c%8b%e9%98%b2%e6%b6%88%e6%81%af&SelectStyle=%e5%8d%b3%e6%99%82%e8%bb%8d%e4%ba%8b%e5%8b%95%e6%85%8b
2021-07-02,下午,1,,,,,,,,,,,,,,,,,,,,,https://www.mnd.gov.tw/Publish.aspx?p=78852&title=%e5%9c%8b%e9%98%b2%e6%b6%88%e6%81%af&SelectStyle=%e5%8d%b3%e6%99%82%e8%bb%8d%e4%ba%8b%e5%8b%95%e6%85%8b
2021-07-03,下午,1,,,,,,,,,,,,,,,,,,,,,https://www.mnd.gov.tw/Publish.aspx?p=78854&title=%e5%9c%8b%e9%98%b2%e6%b6%88%e6%81%af&SelectStyle=%e5%8d%b3%e6%99%82%e8%bb%8d%e4%ba%8b%e5%8b%95%e6%85%8b
2021-07-04,下午,1,,,,,,,,,,,,,,,,,,,,,https://www.mnd.gov.tw/Publish.aspx?p=78856&title=%e5%9c%8b%e9%98%b2%e6%b6%88%e6%81%af&SelectStyle=%e5%8d%b3%e6%99%82%e8%bb%8d%e4%ba%8b%e5%8b%95%e6%85%8b
2021-07-07,上午,,,,,1,,,,,,,,,,,,,,,,,https://www.mnd.gov.tw/Publish.aspx?p=78864&title=%e5%9c%8b%e9%98%b2%e6%b6%88%e6%81%af&SelectStyle=%e5%8d%b3%e6%99%82%e8%bb%8d%e4%ba%8b%e5%8b%95%e6%85%8b
2021-07-08,上午,,,,,1,,,,,,,,,,,,,,,,,https://www.mnd.gov.tw/Publish.aspx?p=78867&title=%e5%9c%8b%e9%98%b2%e6%b6%88%e6%81%af&SelectStyle=%e5%8d%b3%e6%99%82%e8%bb%8d%e4%ba%8b%e5%8b%95%e6%85%8b
2021-07-12,上午,,,,,1,,,,,,,,,,,,,,,,,https://www.mnd.gov.tw/Publish.aspx?p=78871&title=%e5%9c%8b%e9%98%b2%e6%b6%88%e6%81%af&SelectStyle=%e5%8d%b3%e6%99%82%e8%bb%8d%e4%ba%8b%e5%8b%95%e6%85%8b
2021-07-12,下午,1,,,,,,,,,,,,,,,,,,,,,https://www.mnd.gov.tw/Publish.aspx?p=78873&title=%e5%9c%8b%e9%98%b2%e6%b6%88%e6%81%af&SelectStyle=%e5%8d%b3%e6%99%82%e8%bb%8d%e4%ba%8b%e5%8b%95%e6%85%8b
2021-07-13,上午,,,,1,1,,,,,,,,,,,,,,,,,https://www.mnd.gov.tw/Publish.aspx?p=78877&title=%e5%9c%8b%e9%98%b2%e6%b6%88%e6%81%af&SelectStyle=%e5%8d%b3%e6%99%82%e8%bb%8d%e4%ba%8b%e5%8b%95%e6%85%8b
2021-07-14,下午,1,,,,,,,,,,,,,,,,,,,,,https://www.mnd.gov.tw/Publish.aspx?p=78880&title=%e5%9c%8b%e9%98%b2%e6%b6%88%e6%81%af&SelectStyle=%e5%8d%b3%e6%99%82%e8%bb%8d%e4%ba%8b%e5%8b%95%e6%85%8b
2021-07-15,下午,1,,,,,,,,,,,,,,,,,,,,,https://www.mnd.gov.tw/Publish.aspx?p=78884&title=%e5%9c%8b%e9%98%b2%e6%b6%88%e6%81%af&SelectStyle=%e5%8d%b3%e6%99%82%e8%bb%8d%e4%ba%8b%e5%8b%95%e6%85%8b
2021-07-21,下午,1,,,,,,,,,,,,,,,,,,,,,https://www.mnd.gov.tw/Publish.aspx?p=78893&title=%e5%9c%8b%e9%98%b2%e6%b6%88%e6%81%af&SelectStyle=%e5%8d%b3%e6%99%82%e8%bb%8d%e4%ba%8b%e5%8b%95%e6%85%8b
2021-07-22,下午,1,,,,,,,,,,,,,,,,,,,,,https://www.mnd.gov.tw/Publish.aspx?p=78898&title=%e5%9c%8b%e9%98%b2%e6%b6%88%e6%81%af&SelectStyle=%e5%8d%b3%e6%99%82%e8%bb%8d%e4%ba%8b%e5%8b%95%e6%85%8b
2021-07-25,下午,1,,,,,,,,,,,,,,,,,,,,,https://www.mnd.gov.tw/Publish.aspx?p=78901&title=%e5%9c%8b%e9%98%b2%e6%b6%88%e6%81%af&SelectStyle=%e5%8d%b3%e6%99%82%e8%bb%8d%e4%ba%8b%e5%8b%95%e6%85%8b
2021-07-27,上午,1,,,,,,,,,,,,,,,,,,,,,https://www.mnd.gov.tw/Publish.aspx?p=78910&title=%e5%9c%8b%e9%98%b2%e6%b6%88%e6%81%af&SelectStyle=%e5%8d%b3%e6%99%82%e8%bb%8d%e4%ba%8b%e5%8b%95%e6%85%8b
2021-07-28,上午,1,,,,,,,,,,,,,,,,,,,,,https://www.mnd.gov.tw/Publish.aspx?p=78915&title=%e5%9c%8b%e9%98%b2%e6%b6%88%e6%81%af&SelectStyle=%e5%8d%b3%e6%99%82%e8%bb%8d%e4%ba%8b%e5%8b%95%e6%85%8b
2021-08-08,上午,1,,,,,,,,,,,,,,,,,,,,,https://www.mnd.gov.tw/Publish.aspx?p=78940&title=%e5%9c%8b%e9%98%b2%e6%b6%88%e6%81%af&SelectStyle=%e5%8d%b3%e6%99%82%e8%bb%8d%e4%ba%8b%e5%8b%95%e6%85%8b
2021-08-11,上午,,,,,,1,,,,,,,,,,,,,,,,https://www.mnd.gov.tw/Publish.aspx?p=78948&title=%e5%9c%8b%e9%98%b2%e6%b6%88%e6%81%af&SelectStyle=%e5%8d%b3%e6%99%82%e8%bb%8d%e4%ba%8b%e5%8b%95%e6%85%8b
2021-08-12,上午,,,,,1,1,,,,,,,,4,,,,,,,,https://www.mnd.gov.tw/Publish.aspx?p=78952&title=%e5%9c%8b%e9%98%b2%e6%b6%88%e6%81%af&SelectStyle=%e5%8d%b3%e6%99%82%e8%bb%8d%e4%ba%8b%e5%8b%95%e6%85%8b
2021-08-12,下午,1,,,,,,,,,,,,,,,,,,,,,https://www.mnd.gov.tw/Publish.aspx?p=78960&title=%e5%9c%8b%e9%98%b2%e6%b6%88%e6%81%af&SelectStyle=%e5%8d%b3%e6%99%82%e8%bb%8d%e4%ba%8b%e5%8b%95%e6%85%8b
2021-08-15,下午,1,,,,,,,,,,,,,,,,,,,,,https://www.mnd.gov.tw/Publish.aspx?p=78965&title=%e5%9c%8b%e9%98%b2%e6%b6%88%e6%81%af&SelectStyle=%e5%8d%b3%e6%99%82%e8%bb%8d%e4%ba%8b%e5%8b%95%e6%85%8b
2021-08-16,上午,1,,,,,,,,,,,,,,,,,,,,,https://www.mnd.gov.tw/Publish.aspx?p=78967&title=%e5%9c%8b%e9%98%b2%e6%b6%88%e6%81%af&SelectStyle=%e5%8d%b3%e6%99%82%e8%bb%8d%e4%ba%8b%e5%8b%95%e6%85%8b
2021-08-17,上午,1,,,,1,,,,2,,,,,6,,1,,,,,,https://www.mnd.gov.tw/Publish.aspx?p=78969&title=%e5%9c%8b%e9%98%b2%e6%b6%88%e6%81%af&SelectStyle=%e5%8d%b3%e6%99%82%e8%bb%8d%e4%ba%8b%e5%8b%95%e6%85%8b
2021-08-19,下午,,,,,,,,1,,,,,,,,,,,,,,https://www.mnd.gov.tw/Publish.aspx?p=78981&title=%e5%9c%8b%e9%98%b2%e6%b6%88%e6%81%af&SelectStyle=%e5%8d%b3%e6%99%82%e8%bb%8d%e4%ba%8b%e5%8b%95%e6%85%8b
2021-08-22,下午,1,,,,,,,,,,,,,,,,,,,,,https://www.mnd.gov.tw/Publish.aspx?p=78985&title=%e5%9c%8b%e9%98%b2%e6%b6%88%e6%81%af&SelectStyle=%e5%8d%b3%e6%99%82%e8%bb%8d%e4%ba%8b%e5%8b%95%e6%85%8b
2021-08-23,N/A,1,,,,1,,,,,,,,,,,,,,,,,https://www.mnd.gov.tw/Publish.aspx?p=78989&title=%e5%9c%8b%e9%98%b2%e6%b6%88%e6%81%af&SelectStyle=%e5%8d%b3%e6%99%82%e8%bb%8d%e4%ba%8b%e5%8b%95%e6%85%8b
2021-08-25,下午,1,,,,,,,,,,,,,,,,,,,,,https://www.mnd.gov.tw/Publish.aspx?p=79003&title=%e5%9c%8b%e9%98%b2%e6%b6%88%e6%81%af&SelectStyle=%e5%8d%b3%e6%99%82%e8%bb%8d%e4%ba%8b%e5%8b%95%e6%85%8b
2021-08-26,下午,1,,,,,,,,,,,,,,,,1,,,,,https://www.mnd.gov.tw/Publish.aspx?p=79008&title=%e5%9c%8b%e9%98%b2%e6%b6%88%e6%81%af&SelectStyle=%e5%8d%b3%e6%99%82%e8%bb%8d%e4%ba%8b%e5%8b%95%e6%85%8b
2021-08-27,上午,1,,,,,,,,,,,,,,,,,2,,,,https://www.mnd.gov.tw/Publish.aspx?p=79011&title=%e5%9c%8b%e9%98%b2%e6%b6%88%e6%81%af&SelectStyle=%e5%8d%b3%e6%99%82%e8%bb%8d%e4%ba%8b%e5%8b%95%e6%85%8b
2021-08-29,上午,,,,1,,,,,,,,,,,,,,,,,,https://www.mnd.gov.tw/Publish.aspx?p=79014&title=%e5%9c%8b%e9%98%b2%e6%b6%88%e6%81%af&SelectStyle=%e5%8d%b3%e6%99%82%e8%bb%8d%e4%ba%8b%e5%8b%95%e6%85%8b
2021-08-30,上午,,,,1,,,,,,,,,,,,,,,,,,
2021-09-01,上午,,,,1,,,,,,,,,,,,,,,,,,https://www.mnd.gov.tw/Publish.aspx?p=79028&title=%e5%9c%8b%e9%98%b2%e6%b6%88%e6%81%af&SelectStyle=%e5%8d%b3%e6%99%82%e8%bb%8d%e4%ba%8b%e5%8b%95%e6%85%8b
2021-09-03,上午,1,,,,,1,,,2,,,,,,,,,,,,,https://www.mnd.gov.tw/Publish.aspx?p=79030&title=%e5%9c%8b%e9%98%b2%e6%b6%88%e6%81%af&SelectStyle=%e5%8d%b3%e6%99%82%e8%bb%8d%e4%ba%8b%e5%8b%95%e6%85%8b
2021-09-04,N/A,2,,,,,,,,,2,,,,,,,,,,,,https://www.mnd.gov.tw/Publish.aspx?p=79034&title=%e5%9c%8b%e9%98%b2%e6%b6%88%e6%81%af&SelectStyle=%e5%8d%b3%e6%99%82%e8%bb%8d%e4%ba%8b%e5%8b%95%e6%85%8b
2021-09-05,N/A,1,,,,,,,4,,,,,,10,4,,,,,,,https://www.mnd.gov.tw/Publish.aspx?p=79036&title=%e5%9c%8b%e9%98%b2%e6%b6%88%e6%81%af&SelectStyle=%e5%8d%b3%e6%99%82%e8%bb%8d%e4%ba%8b%e5%8b%95%e6%85%8b
2021-09-06,上午,,,,,,,,,,,,,,2,2,,,,,,,https://www.mnd.gov.tw/Publish.aspx?p=79041&title=%e5%9c%8b%e9%98%b2%e6%b6%88%e6%81%af&SelectStyle=%e5%8d%b3%e6%99%82%e8%bb%8d%e4%ba%8b%e5%8b%95%e6%85%8b
2021-09-07,上午,,,,,1,,,,,,,,,,,,,,,,,https://www.mnd.gov.tw/Publish.aspx?p=79047&title=%e5%9c%8b%e9%98%b2%e6%b6%88%e6%81%af&SelectStyle=%e5%8d%b3%e6%99%82%e8%bb%8d%e4%ba%8b%e5%8b%95%e6%85%8b
2021-09-08,上午,,,,,1,,,,,,,,,2,,,,,,,,https://www.mnd.gov.tw/Publish.aspx?p=79050&title=%e5%9c%8b%e9%98%b2%e6%b6%88%e6%81%af&SelectStyle=%e5%8d%b3%e6%99%82%e8%bb%8d%e4%ba%8b%e5%8b%95%e6%85%8b
2021-09-08,下午,1,,,,,,,,,,,,,,,,,,,,,https://www.mnd.gov.tw/Publish.aspx?p=79052&title=%e5%9c%8b%e9%98%b2%e6%b6%88%e6%81%af&SelectStyle=%e5%8d%b3%e6%99%82%e8%bb%8d%e4%ba%8b%e5%8b%95%e6%85%8b
2021-09-09,下午,1,,,,,,,,,,,,,,,,,,,,,https://www.mnd.gov.tw/Publish.aspx?p=79054&title=%e5%9c%8b%e9%98%b2%e6%b6%88%e6%81%af&SelectStyle=%e5%8d%b3%e6%99%82%e8%bb%8d%e4%ba%8b%e5%8b%95%e6%85%8b
2021-09-10,下午,1,,,,,,,,,,,,,,,,,,,,,https://www.mnd.gov.tw/Publish.aspx?p=79057&title=%e5%9c%8b%e9%98%b2%e6%b6%88%e6%81%af&SelectStyle=%e5%8d%b3%e6%99%82%e8%bb%8d%e4%ba%8b%e5%8b%95%e6%85%8b
2021-09-11,下午,1,,,,,,,,,,,,,,,,,,,,,https://www.mnd.gov.tw/Publish.aspx?p=79061&title=%e5%9c%8b%e9%98%b2%e6%b6%88%e6%81%af&SelectStyle=%e5%8d%b3%e6%99%82%e8%bb%8d%e4%ba%8b%e5%8b%95%e6%85%8b
2021-09-12,下午,1,,,,,,,,,,,,,,,,,,,,,https://www.mnd.gov.tw/Publish.aspx?p=79064&title=%e5%9c%8b%e9%98%b2%e6%b6%88%e6%81%af&SelectStyle=%e5%8d%b3%e6%99%82%e8%bb%8d%e4%ba%8b%e5%8b%95%e6%85%8b
2021-09-13,上午,,,,,1,,,,,,,,,,,,,,,,,https://www.mnd.gov.tw/Publish.aspx?p=79075&title=%e5%9c%8b%e9%98%b2%e6%b6%88%e6%81%af&SelectStyle=%e5%8d%b3%e6%99%82%e8%bb%8d%e4%ba%8b%e5%8b%95%e6%85%8b
2021-09-14,下午,,,,,,,,,,,,,,2,,,,,,,,https://www.mnd.gov.tw/Publish.aspx?p=79077&title=%e5%9c%8b%e9%98%b2%e6%b6%88%e6%81%af&SelectStyle=%e5%8d%b3%e6%99%82%e8%bb%8d%e4%ba%8b%e5%8b%95%e6%85%8b
2021-09-15,N/A,1,,,1,,,,,,,,,,6,,1,,,,,,https://www.mnd.gov.tw/Publish.aspx?p=79079&title=%e5%9c%8b%e9%98%b2%e6%b6%88%e6%81%af&SelectStyle=%e5%8d%b3%e6%99%82%e8%bb%8d%e4%ba%8b%e5%8b%95%e6%85%8b
2021-09-16,上午,,,,,1,,,,,,,,,2,,,,,,,,https://www.mnd.gov.tw/Publish.aspx?p=79081&title=%e5%9c%8b%e9%98%b2%e6%b6%88%e6%81%af&SelectStyle=%e5%8d%b3%e6%99%82%e8%bb%8d%e4%ba%8b%e5%8b%95%e6%85%8b
2021-09-17,N/A,1,,,1,,,,,,,,,2,6,,,,,,,,https://www.mnd.gov.tw/Publish.aspx?p=79084&title=%e5%9c%8b%e9%98%b2%e6%b6%88%e6%81%af&SelectStyle=%e5%8d%b3%e6%99%82%e8%bb%8d%e4%ba%8b%e5%8b%95%e6%85%8b
2021-09-19,上午,1,,,,,,,,,,,,,2,,,,,,,,https://www.mnd.gov.tw/Publish.aspx?p=79087&title=%e5%9c%8b%e9%98%b2%e6%b6%88%e6%81%af&SelectStyle=%e5%8d%b3%e6%99%82%e8%bb%8d%e4%ba%8b%e5%8b%95%e6%85%8b
2021-09-19,N/A,1,,,,,,,,,,,,,,,,,,,,,https://www.mnd.gov.tw/Publish.aspx?p=79089&title=%e5%9c%8b%e9%98%b2%e6%b6%88%e6%81%af&SelectStyle=%e5%8d%b3%e6%99%82%e8%bb%8d%e4%ba%8b%e5%8b%95%e6%85%8b
2021-09-20,下午,1,,,,,,,,,,,,,,,,,,,,,https://www.mnd.gov.tw/Publish.aspx?p=79091&title=%e5%9c%8b%e9%98%b2%e6%b6%88%e6%81%af&SelectStyle=%e5%8d%b3%e6%99%82%e8%bb%8d%e4%ba%8b%e5%8b%95%e6%85%8b
2021-09-22,N/A,1,,,,1,,,,,,,,,,,,,,,,,https://www.mnd.gov.tw/Publish.aspx?p=79094&title=%E5%9C%8B%E9%98%B2%E6%B6%88%E6%81%AF&SelectStyle=%E5%8D%B3%E6%99%82%E8%BB%8D%E4%BA%8B%E5%8B%95%E6%85%8B
2021-09-23,上午,2,,,,1,,,2,,,,,2,12,,,,,,,,https://www.mnd.gov.tw/Publish.aspx?p=79096&title=%e5%9c%8b%e9%98%b2%e6%b6%88%e6%81%af&SelectStyle=%e5%8d%b3%e6%99%82%e8%bb%8d%e4%ba%8b%e5%8b%95%e6%85%8b
2021-09-23,下午,,,,,,,,,,,,,,2,,1,,,,,,https://www.mnd.gov.tw/Publish.aspx?p=79098&title=%e5%9c%8b%e9%98%b2%e6%b6%88%e6%81%af&SelectStyle=%e5%8d%b3%e6%99%82%e8%bb%8d%e4%ba%8b%e5%8b%95%e6%85%8b
2021-09-24,上午,,,,,1,,,,,,,,2,2,,,,,,,,https://www.mnd.gov.tw/Publish.aspx?p=79100&title=%e5%9c%8b%e9%98%b2%e6%b6%88%e6%81%af&SelectStyle=%e5%8d%b3%e6%99%82%e8%bb%8d%e4%ba%8b%e5%8b%95%e6%85%8b
2021-09-25,下午,1,,,,,,,,,,,,,,,,,,,,,https://www.mnd.gov.tw/Publish.aspx?p=79103&title=%e5%9c%8b%e9%98%b2%e6%b6%88%e6%81%af&SelectStyle=%e5%8d%b3%e6%99%82%e8%bb%8d%e4%ba%8b%e5%8b%95%e6%85%8b
2021-09-26,上午,,,,1,,,,,,,,,,,,,,,,,,https://www.mnd.gov.tw/Publish.aspx?p=79105&title=%e5%9c%8b%e9%98%b2%e6%b6%88%e6%81%af&SelectStyle=%e5%8d%b3%e6%99%82%e8%bb%8d%e4%ba%8b%e5%8b%95%e6%85%8b
2021-09-26,下午,1,,,,,,,,,,,,,,,,,,,,,https://www.mnd.gov.tw/Publish.aspx?p=79107&title=%e5%9c%8b%e9%98%b2%e6%b6%88%e6%81%af&SelectStyle=%e5%8d%b3%e6%99%82%e8%bb%8d%e4%ba%8b%e5%8b%95%e6%85%8b
2021-09-27,N/A,1,,,,1,,1,,,,,,,2,,1,,,,,,https://www.mnd.gov.tw/Publish.aspx?p=79110&title=%e5%9c%8b%e9%98%b2%e6%b6%88%e6%81%af&SelectStyle=%e5%8d%b3%e6%99%82%e8%bb%8d%e4%ba%8b%e5%8b%95%e6%85%8b
2021-09-28,N/A,1,,,,1,,,,,,,,,,,,,,,,,https://www.mnd.gov.tw/Publish.aspx?p=79112&title=%e5%9c%8b%e9%98%b2%e6%b6%88%e6%81%af&SelectStyle=%e5%8d%b3%e6%99%82%e8%bb%8d%e4%ba%8b%e5%8b%95%e6%85%8b
2021-09-29,N/A,,,,,1,,,,,,,,,4,,,,,,,,https://www.mnd.gov.tw/Publish.aspx?p=79115&title=%e5%9c%8b%e9%98%b2%e6%b6%88%e6%81%af&SelectStyle=%e5%8d%b3%e6%99%82%e8%bb%8d%e4%ba%8b%e5%8b%95%e6%85%8b
2021-09-30,下午,1,,,,,,,,,,,,,,,,,,,,,https://www.mnd.gov.tw/Publish.aspx?p=79125&title=%e5%9c%8b%e9%98%b2%e6%b6%88%e6%81%af&SelectStyle=%e5%8d%b3%e6%99%82%e8%bb%8d%e4%ba%8b%e5%8b%95%e6%85%8b
2021-10-01,晚間,,,,,,,,2,,,,,,10,,1,,,,,,https://www.mnd.gov.tw/Publish.aspx?p=79129&title=%e5%9c%8b%e9%98%b2%e6%b6%88%e6%81%af&SelectStyle=%e5%8d%b3%e6%99%82%e8%bb%8d%e4%ba%8b%e5%8b%95%e6%85%8b
2021-10-01,N/A,1,,,,,,,2,,,,,,18,4,,,,,,,https://www.mnd.gov.tw/Publish.aspx?p=79127&title=%e5%9c%8b%e9%98%b2%e6%b6%88%e6%81%af&SelectStyle=%e5%8d%b3%e6%99%82%e8%bb%8d%e4%ba%8b%e5%8b%95%e6%85%8b
2021-10-02,晚間,,,,,,,,,,,,,,12,6,1,,,,,,https://www.mnd.gov.tw/Publish.aspx?p=79135&title=%e5%9c%8b%e9%98%b2%e6%b6%88%e6%81%af&SelectStyle=%e5%8d%b3%e6%99%82%e8%bb%8d%e4%ba%8b%e5%8b%95%e6%85%8b
2021-10-02,日間,2,,,,,,,,,,,,,14,4,,,,,,,https://www.mnd.gov.tw/Publish.aspx?p=79132&title=%e5%9c%8b%e9%98%b2%e6%b6%88%e6%81%af&SelectStyle=%e5%8d%b3%e6%99%82%e8%bb%8d%e4%ba%8b%e5%8b%95%e6%85%8b
2021-10-03,日間,2,,,,,,,,,,,,,8,4,2,,,,,,https://www.mnd.gov.tw/Publish.aspx?p=79137&title=%e5%9c%8b%e9%98%b2%e6%b6%88%e6%81%af&SelectStyle=%e5%8d%b3%e6%99%82%e8%bb%8d%e4%ba%8b%e5%8b%95%e6%85%8b
2021-10-04,晚間,,,,,,,,,,,,,,4,,,,,,,,https://www.mnd.gov.tw/Publish.aspx?p=79141&title=%e5%9c%8b%e9%98%b2%e6%b6%88%e6%81%af&SelectStyle=%e5%8d%b3%e6%99%82%e8%bb%8d%e4%ba%8b%e5%8b%95%e6%85%8b
2021-10-04,日間,2,,,,,,,12,,,,,,34,2,2,,,,,,https://www.mnd.gov.tw/Publish.aspx?p=79139&title=%e5%9c%8b%e9%98%b2%e6%b6%88%e6%81%af&SelectStyle=%e5%8d%b3%e6%99%82%e8%bb%8d%e4%ba%8b%e5%8b%95%e6%85%8b
2021-10-05,日間,1,,,,,,,,,,,,,,,,,,,,,https://www.mnd.gov.tw/Publish.aspx?p=79148&title=%e5%9c%8b%e9%98%b2%e6%b6%88%e6%81%af&SelectStyle=%e5%8d%b3%e6%99%82%e8%bb%8d%e4%ba%8b%e5%8b%95%e6%85%8b
2021-10-10,日間,1,,,,,,,,,,,,,2,,,,,,,,https://www.mnd.gov.tw/Publish.aspx?p=79157&title=%e5%9c%8b%e9%98%b2%e6%b6%88%e6%81%af&SelectStyle=%e5%8d%b3%e6%99%82%e8%bb%8d%e4%ba%8b%e5%8b%95%e6%85%8b
2021-10-16,日間,1,,,,,,,,,,,,,,,,,,,,,https://www.mnd.gov.tw/Publish.aspx?p=79198&title=%e5%9c%8b%e9%98%b2%e6%b6%88%e6%81%af&SelectStyle=%e5%8d%b3%e6%99%82%e8%bb%8d%e4%ba%8b%e5%8b%95%e6%85%8b
2021-10-17,日間,1,,,,,,,,,,,,,2,,,,,,,,https://www.mnd.gov.tw/Publish.aspx?p=79200&title=%e5%9c%8b%e9%98%b2%e6%b6%88%e6%81%af&SelectStyle=%e5%8d%b3%e6%99%82%e8%bb%8d%e4%ba%8b%e5%8b%95%e6%85%8b
2021-10-18,日間,,,,,1,,,,,,,,,,,1,,,,,,https://www.mnd.gov.tw/Publish.aspx?p=79204&title=%e5%9c%8b%e9%98%b2%e6%b6%88%e6%81%af&SelectStyle=%e5%8d%b3%e6%99%82%e8%bb%8d%e4%ba%8b%e5%8b%95%e6%85%8b
2021-10-19,日間,,,,,1,,,,,,,,,4,,,,,,,,https://www.mnd.gov.tw/Publish.aspx?p=79207&title=%e5%9c%8b%e9%98%b2%e6%b6%88%e6%81%af&SelectStyle=%e5%8d%b3%e6%99%82%e8%bb%8d%e4%ba%8b%e5%8b%95%e6%85%8b
2021-10-20,日間,1,,,,1,,,,,,,,,,,,,,,,,https://www.mnd.gov.tw/Publish.aspx?p=79213&title=%e5%9c%8b%e9%98%b2%e6%b6%88%e6%81%af&SelectStyle=%e5%8d%b3%e6%99%82%e8%bb%8d%e4%ba%8b%e5%8b%95%e6%85%8b
2021-10-21,日間,,,,,,,,,,,,,2,2,,,,,,,,https://www.mnd.gov.tw/Publish.aspx?p=79223&title=%e5%9c%8b%e9%98%b2%e6%b6%88%e6%81%af&SelectStyle=%e5%8d%b3%e6%99%82%e8%bb%8d%e4%ba%8b%e5%8b%95%e6%85%8b
2021-10-22,日間,,,,,,,,,,,,,,,,1,,,,,,https://www.mnd.gov.tw/Publish.aspx?p=79227&title=%e5%9c%8b%e9%98%b2%e6%b6%88%e6%81%af&SelectStyle=%e5%8d%b3%e6%99%82%e8%bb%8d%e4%ba%8b%e5%8b%95%e6%85%8b
2021-10-24,日間,1,,,,,,,,,,,,,,,,,,,,,https://www.mnd.gov.tw/Publish.aspx?p=79229&title=%e5%9c%8b%e9%98%b2%e6%b6%88%e6%81%af&SelectStyle=%e5%8d%b3%e6%99%82%e8%bb%8d%e4%ba%8b%e5%8b%95%e6%85%8b
2021-10-25,日間,,,,,1,,,,,,,,,,,,,,,,,https://www.mnd.gov.tw/Publish.aspx?p=79233&title=%e5%9c%8b%e9%98%b2%e6%b6%88%e6%81%af&SelectStyle=%e5%8d%b3%e6%99%82%e8%bb%8d%e4%ba%8b%e5%8b%95%e6%85%8b
2021-10-26,日間,,,,1,1,,,,,,,,,2,,,,,1,1,1,https://www.mnd.gov.tw/Publish.aspx?p=79235&title=%e5%9c%8b%e9%98%b2%e6%b6%88%e6%81%af&SelectStyle=%e5%8d%b3%e6%99%82%e8%bb%8d%e4%ba%8b%e5%8b%95%e6%85%8b
2021-10-27,日間,1,,,,,,,,,,,,2,,,,,,,,,https://www.mnd.gov.tw/Publish.aspx?p=79239&title=%e5%9c%8b%e9%98%b2%e6%b6%88%e6%81%af&SelectStyle=%e5%8d%b3%e6%99%82%e8%bb%8d%e4%ba%8b%e5%8b%95%e6%85%8b
